{"6d0aefbc.json": {"elapsed": [0.12255597114562988, 0.1226193904876709, 0.17868447303771973], "evaluation": [[10.0, -2.0, -2.0, 10.0, -2.0, -2.0, 10.0, -2.0, -2.0, 10.0, -2.0, -2.0, 10.0, -2.0, -2.0, 10.0, -2.0, -2.0], [10.0, -2.0, -2.0, 10.0, -2.0, -2.0, 10.0, -2.0, -2.0, 10.0, -2.0, -2.0, 10.0, -2.0, -2.0, 10.0, -2.0, -2.0], [10.0, -2.0, -2.0, 10.0, -2.0, -2.0, 10.0, -2.0, -2.0, 10.0, -2.0, -2.0, 10.0, -2.0, -2.0, 10.0, -2.0, -2.0]], "num_walks": [3, 3, 5], "prediction": [[[[6, 8, 6, 6, 8, 6], [8, 6, 8, 8, 6, 8], [1, 6, 1, 1, 6, 1]]], [[[6, 8, 6, 6, 8, 6], [8, 6, 8, 8, 6, 8], [1, 6, 1, 1, 6, 1]]], [[[6, 8, 6, 6, 8, 6], [8, 6, 8, 8, 6, 8], [1, 6, 1, 1, 6, 1]]]], "source": [["get_question", "get_question", "pic_all_as_pat", "pat_flip_left_right", "pat_as_pic", "get_question", "2pic_cbind"], ["get_question", "get_question", "pic_all_as_pat", "pat_flip_left_right", "pat_as_pic", "get_question", "2pic_cbind", "sto_a"], ["get_question", "pic_all_as_pat", "pat_flip_left_right", "pat_as_pic", "get_question", "2pic_cbind"]], "stopped_on": "found", "tot_elapsed": 1.5712618827819824, "tot_walks": 50, "correct": [1, 2, 3]}, "68b16354.json": {"elapsed": [0.06402325630187988, 0.06415224075317383, 0.06421661376953125], "evaluation": [[10.0, 0.72, 0.0, 10.0, 0.0, 0.0, 10.0, 0.7787755102040816, 0.0, 10.0, 0.0, 0.0, 10.0, 0.8163265306122449, 0.0, 10.0, 0.0, 0.0], [10.0, 0.72, 0.0, 10.0, 0.0, 0.0, 10.0, 0.7787755102040816, 0.0, 10.0, 0.0, 0.0, 10.0, 0.8163265306122449, 0.0, 10.0, 0.0, 0.0], [10.0, 0.72, 0.0, 10.0, 0.0, 0.0, 10.0, 0.7787755102040816, 0.0, 10.0, 0.0, 0.0, 10.0, 0.8163265306122449, 0.0, 10.0, 0.0, 0.0]], "num_walks": [0, 0, 0], "prediction": [[[[1, 4, 7, 1, 2, 3, 4], [3, 2, 8, 4, 1, 8, 4], [4, 1, 1, 1, 7, 8, 4], [1, 1, 2, 3, 8, 1, 3], [1, 1, 1, 1, 4, 7, 3], [4, 4, 1, 1, 4, 3, 4], [2, 8, 1, 3, 2, 4, 1]]], [[[1, 4, 7, 1, 2, 3, 4], [3, 2, 8, 4, 1, 8, 4], [4, 1, 1, 1, 7, 8, 4], [1, 1, 2, 3, 8, 1, 3], [1, 1, 1, 1, 4, 7, 3], [4, 4, 1, 1, 4, 3, 4], [2, 8, 1, 3, 2, 4, 1]]], [[[1, 4, 7, 1, 2, 3, 4], [3, 2, 8, 4, 1, 8, 4], [4, 1, 1, 1, 7, 8, 4], [1, 1, 2, 3, 8, 1, 3], [1, 1, 1, 1, 4, 7, 3], [4, 4, 1, 1, 4, 3, 4], [2, 8, 1, 3, 2, 4, 1]]]], "source": [["get_question", "pic_all_as_pat", "pat_flip_up_down", "pat_as_pic"], ["(0, 0, 3, 0)", "get_question", "pic_all_as_pat", "pat_flip_up_down", "pat_as_pic"], ["get_question", "get_question", "pic_all_as_pat", "pat_flip_up_down", "pat_as_pic"]], "stopped_on": "found", "tot_elapsed": 2.1997177600860596, "tot_walks": 50, "correct": [1, 2, 3]}, "ed98d772.json": {"elapsed": [2.6691644191741943, 0.7393124103546143, 2.669175148010254], "evaluation": [[0.5555555555555556, 0.05555555555555555, 0.027777777777777776, 0.5555555555555556, 0.05555555555555555, 0.027777777777777776, 0.6333333333333333, 0.09444444444444444, 0.04444444444444444, 0.6333333333333333, 0.09444444444444444, 0.04444444444444444, 0.6666666666666666, 0.16666666666666666, 0.05555555555555555, 0.6666666666666666, 0.16666666666666666, 0.05555555555555555], [0.5555555555555556, -2.0, -2.0, 0.5555555555555556, -2.0, -2.0, 0.5888888888888889, -2.0, -2.0, 0.5888888888888889, -2.0, -2.0, 0.6666666666666666, -2.0, -2.0, 0.6666666666666666, -2.0, -2.0], [0.5, 0.05555555555555555, 0.027777777777777776, 0.5, 0.05555555555555555, 0.027777777777777776, 0.611111111111111, 0.08333333333333334, 0.05555555555555556, 0.611111111111111, 0.08333333333333334, 0.05555555555555556, 0.6666666666666666, 0.1388888888888889, 0.08333333333333333, 0.6666666666666666, 0.1388888888888889, 0.08333333333333333]], "num_walks": [71, 20, 71], "prediction": [[[[6, 6, 0, 0, 0, 0], [6, 6, 0, 0, 0, 0], [0, 0, 6, 0, 0, 0], [0, 0, 6, 0, 0, 0], [6, 6, 0, 0, 0, 0], [6, 6, 0, 0, 0, 0]]], [[[6, 6, 0, 6, 6, 0], [6, 6, 0, 6, 6, 0], [0, 0, 6, 0, 0, 6], [0, 0, 0, 0, 0, 0], [0, 0, 0, 0, 0, 0], [0, 0, 0, 0, 0, 0]]], [[[6, 6, 0, 0, 6, 6], [6, 6, 0, 0, 6, 6], [0, 0, 6, 6, 0, 0], [0, 0, 0, 0, 0, 0], [0, 0, 0, 0, 0, 0], [0, 0, 0, 0, 0, 0]]]], "source": [["(0, 3, 3, 0)", "get_question", "pic_nesw_extend", "pic_all_as_pat", "sto_a", "pat_flip_up_down", "get_a", "2pat_merge_as_pic"], ["get_question", "get_question", "2pic_cbind", "(0, 0, 3, 0)", "swap_top2", "pic_nesw_extend"], ["(0, 3, 3, 0)", "get_question", "pic_nesw_extend", "pic_all_as_pat", "sto_a", "pat_flip_left_right", "get_a", "2pat_merge_as_pic"]], "stopped_on": "time", "tot_elapsed": 12.022836923599243, "tot_walks": 406, "correct": [0, 0, 0]}, "8e2edd66.json": {"elapsed": [0.23760128021240234, 0.6068570613861084, 1.183608055114746], "evaluation": [[10.0, -2.0, -2.0, 10.0, -2.0, -2.0, 10.0, -2.0, -2.0, 10.0, -2.0, -2.0, 10.0, -2.0, -2.0, 10.0, -2.0, -2.0], [0.7530864197530864, 0.7530864197530864, 0.2222222222222222, 0.7530864197530864, 0.7530864197530864, 0.2222222222222222, 0.7613168724279835, 0.7613168724279835, 0.23868312757201646, 0.7613168724279835, 0.7613168724279835, 0.23868312757201646, 0.7777777777777778, 0.7777777777777778, 0.24691358024691357, 0.7777777777777778, 0.7777777777777778, 0.24691358024691357], [0.691358024691358, -2.0, -2.0, 0.691358024691358, -2.0, -2.0, 0.794238683127572, -2.0, -2.0, 0.794238683127572, -2.0, -2.0, 0.8888888888888888, -2.0, -2.0, 0.8888888888888888, -2.0, -2.0]], "num_walks": [8, 21, 44], "prediction": [[[[0, 0, 0, 0, 0, 0, 0, 0, 1], [0, 0, 0, 0, 0, 0, 1, 0, 1], [0, 0, 0, 0, 0, 0, 0, 1, 0], [0, 0, 1, 0, 0, 0, 0, 0, 1], [1, 0, 1, 0, 0, 0, 1, 0, 1], [0, 1, 0, 0, 0, 0, 0, 1, 0], [0, 0, 0, 0, 0, 1, 0, 0, 0], [0, 0, 0, 1, 0, 1, 0, 0, 0], [0, 0, 0, 0, 1, 0, 0, 0, 0]]], [[[0, 0, 0, 0, 0, 0, 1, 1, 1], [0, 0, 0, 0, 0, 0, 1, 1, 1], [0, 0, 0, 0, 0, 0, 1, 1, 1], [1, 1, 1, 0, 0, 0, 1, 1, 1], [1, 1, 1, 0, 0, 0, 1, 1, 1], [1, 1, 1, 0, 0, 0, 1, 1, 1], [0, 0, 0, 1, 1, 1, 0, 0, 0], [0, 0, 0, 1, 1, 1, 0, 0, 0], [0, 0, 0, 1, 1, 1, 0, 0, 0]]], [[[0, 0, 0, 0, 0, 0, 0, 0, 0], [0, 0, 0, 0, 0, 0, 0, 0, 0], [0, 0, 0, 0, 0, 0, 0, 0, 0], [0, 0, 0, 0, 0, 0, 0, 0, 0], [0, 0, 0, 0, 0, 0, 0, 0, 0], [0, 0, 0, 0, 0, 0, 0, 0, 0], [0, 0, 0, 0, 0, 0, 0, 0, 0], [0, 0, 0, 0, 0, 0, 0, 0, 0], [0, 0, 0, 0, 0, 0, 0, 0, 0]]]], "source": [["get_question", "pic_two_col_reverse", "sto_a", "get_a", "2pic_multiply"], ["get_question", "(3,)", "swap_top2", "pic_int_zoom_in", "pic_two_col_reverse"], ["(5,)", "get_question", "pic_int_filter_color", "get_question", "2pic_multiply"]], "stopped_on": "found", "tot_elapsed": 1.3056361675262451, "tot_walks": 50, "correct": [1, 1, 1]}, "68b67ca3.json": {"elapsed": [0.06317687034606934, 0.06326460838317871, 0.06329965591430664], "evaluation": [[10.0, -2.0, -2.0, 10.0, -2.0, -2.0, 10.0, -2.0, -2.0, 10.0, -2.0, -2.0, 10.0, -2.0, -2.0, 10.0, -2.0, -2.0], [10.0, -2.0, -2.0, 10.0, -2.0, -2.0, 10.0, -2.0, -2.0, 10.0, -2.0, -2.0, 10.0, -2.0, -2.0, 10.0, -2.0, -2.0], [10.0, -2.0, -2.0, 10.0, -2.0, -2.0, 10.0, -2.0, -2.0, 10.0, -2.0, -2.0, 10.0, -2.0, -2.0, 10.0, -2.0, -2.0]], "num_walks": [0, 0, 0], "prediction": [[[[3, 3, 4], [7, 0, 1], [7, 0, 1]]], [[[3, 3, 4], [7, 0, 1], [7, 0, 1]]], [[[3, 3, 4], [7, 0, 1], [7, 0, 1]]]], "source": [["(3, 3)", "get_question", "pic_intp_zoom_fit"], ["get_question", "(2,)", "swap_top2", "pic_int_zoom_out"], ["(2,)", "get_question", "pic_int_zoom_out"]], "stopped_on": "found", "tot_elapsed": 2.001821994781494, "tot_walks": 50, "correct": [1, 2, 3]}, "dae9d2b5.json": {"elapsed": [0.13270783424377441, 0.47434449195861816, 4.79329514503479], "evaluation": [[0.5555555555555556, 0.2222222222222222, 0.0, 0.5555555555555556, 0.0, 0.0, 2.5777777777777784, 0.3777777777777777, 0.0, 2.5777777777777784, 0.0, 0.0, 10.0, 0.4444444444444444, 0.0, 10.0, 0.0, 0.0], [0.5555555555555556, 0.2222222222222222, 0.0, 0.5555555555555556, 0.0, 0.0, 2.5777777777777784, 0.3777777777777777, 0.0, 2.5777777777777784, 0.0, 0.0, 10.0, 0.4444444444444444, 0.0, 10.0, 0.0, 0.0], [0.5555555555555556, 0.2222222222222222, 0.0, 0.5555555555555556, 0.0, 0.0, 2.5777777777777784, 0.3777777777777777, 0.0, 2.5777777777777784, 0.0, 0.0, 10.0, 0.4444444444444444, 0.0, 10.0, 0.0, 0.0]], "num_walks": [1, 9, 113],